{"frames": [

{
	"filename": "big-crate",
	"frame": {"x":50,"y":59,"w":32,"h":32},
	"rotated": false,
	"trimmed": false,
	"spriteSourceSize": {"x":0,"y":0,"w":32,"h":32},
	"sourceSize": {"w":32,"h":32},
	"pivot": {"x":0.5,"y":0.5}
},
{
	"filename": "block-big",
	"frame": {"x":2,"y":93,"w":32,"h":32},
	"rotated": false,
	"trimmed": false,
	"spriteSourceSize": {"x":0,"y":0,"w":32,"h":32},
	"sourceSize": {"w":32,"h":32},
	"pivot": {"x":0.5,"y":0.5}
},
{
	"filename": "block",
	"frame": {"x":84,"y":19,"w":16,"h":16},
	"rotated": false,
	"trimmed": false,
	"spriteSourceSize": {"x":0,"y":0,"w":16,"h":16},
	"sourceSize": {"w":16,"h":16},
	"pivot": {"x":0.5,"y":0.5}
},
{
	"filename": "bush",
	"frame": {"x":2,"y":59,"w":46,"h":28},
	"rotated": false,
	"trimmed": false,
	"spriteSourceSize": {"x":0,"y":0,"w":46,"h":28},
	"sourceSize": {"w":46,"h":28},
	"pivot": {"x":0.5,"y":0.5}
},
{
	"filename": "crank-down",
	"frame": {"x":2,"y":37,"w":22,"h":16},
	"rotated": false,
	"trimmed": false,
	"spriteSourceSize": {"x":0,"y":0,"w":22,"h":16},
	"sourceSize": {"w":22,"h":16},
	"pivot": {"x":0.5,"y":0.5}
},
{
	"filename": "crank-up",
	"frame": {"x":44,"y":37,"w":22,"h":16},
	"rotated": false,
	"trimmed": false,
	"spriteSourceSize": {"x":0,"y":0,"w":22,"h":16},
	"sourceSize": {"w":22,"h":16},
	"pivot": {"x":0.5,"y":0.5}
},
{
	"filename": "crate",
	"frame": {"x":26,"y":37,"w":16,"h":16},
	"rotated": false,
	"trimmed": false,
	"spriteSourceSize": {"x":0,"y":0,"w":16,"h":16},
	"sourceSize": {"w":16,"h":16},
	"pivot": {"x":0.5,"y":0.5}
},
{
	"filename": "door",
	"frame": {"x":70,"y":93,"w":22,"h":33},
	"rotated": false,
	"trimmed": false,
	"spriteSourceSize": {"x":0,"y":0,"w":22,"h":33},
	"sourceSize": {"w":22,"h":33},
	"pivot": {"x":0.5,"y":0.5}
},
{
	"filename": "face-block",
	"frame": {"x":36,"y":93,"w":32,"h":32},
	"rotated": false,
	"trimmed": false,
	"spriteSourceSize": {"x":0,"y":0,"w":32,"h":32},
	"sourceSize": {"w":32,"h":32},
	"pivot": {"x":0.5,"y":0.5}
},
{
	"filename": "house",
	"frame": {"x":2,"y":223,"w":87,"h":108},
	"rotated": false,
	"trimmed": false,
	"spriteSourceSize": {"x":0,"y":0,"w":87,"h":108},
	"sourceSize": {"w":87,"h":108},
	"pivot": {"x":0.5,"y":0.5}
},
{
	"filename": "house_open",
	"frame": {"x":2,"y":333,"w":87,"h":108},
	"rotated": false,
	"trimmed": false,
	"spriteSourceSize": {"x":0,"y":0,"w":87,"h":108},
	"sourceSize": {"w":87,"h":108},
	"pivot": {"x":0.5,"y":0.5}
},
{
	"filename": "platform-long",
	"frame": {"x":50,"y":19,"w":32,"h":16},
	"rotated": false,
	"trimmed": false,
	"spriteSourceSize": {"x":0,"y":0,"w":32,"h":16},
	"sourceSize": {"w":32,"h":16},
	"pivot": {"x":0.5,"y":0.5}
},
{
	"filename": "rock",
	"frame": {"x":2,"y":19,"w":28,"h":15},
	"rotated": false,
	"trimmed": false,
	"spriteSourceSize": {"x":0,"y":0,"w":28,"h":15},
	"sourceSize": {"w":28,"h":15},
	"pivot": {"x":0.5,"y":0.5}
},
{
	"filename": "shrooms",
	"frame": {"x":73,"y":2,"w":16,"h":15},
	"rotated": false,
	"trimmed": false,
	"spriteSourceSize": {"x":0,"y":0,"w":16,"h":15},
	"sourceSize": {"w":16,"h":15},
	"pivot": {"x":0.5,"y":0.5}
},
{
	"filename": "sign",
	"frame": {"x":68,"y":37,"w":18,"h":20},
	"rotated": false,
	"trimmed": false,
	"spriteSourceSize": {"x":0,"y":0,"w":18,"h":20},
	"sourceSize": {"w":18,"h":20},
	"pivot": {"x":0.5,"y":0.5}
},
{
	"filename": "skulls",
	"frame": {"x":36,"y":2,"w":16,"h":10},
	"rotated": false,
	"trimmed": false,
	"spriteSourceSize": {"x":0,"y":0,"w":16,"h":10},
	"sourceSize": {"w":16,"h":10},
	"pivot": {"x":0.5,"y":0.5}
},
{
	"filename": "small-platform",
	"frame": {"x":32,"y":19,"w":16,"h":16},
	"rotated": false,
	"trimmed": false,
	"spriteSourceSize": {"x":0,"y":0,"w":16,"h":16},
	"sourceSize": {"w":16,"h":16},
	"pivot": {"x":0.5,"y":0.5}
},
{
	"filename": "spike-skull",
	"frame": {"x":54,"y":2,"w":17,"h":12},
	"rotated": false,
	"trimmed": false,
	"spriteSourceSize": {"x":0,"y":0,"w":17,"h":12},
	"sourceSize": {"w":17,"h":12},
	"pivot": {"x":0.5,"y":0.5}
},
{
	"filename": "spikes-top",
	"frame": {"x":2,"y":2,"w":15,"h":9},
	"rotated": false,
	"trimmed": false,
	"spriteSourceSize": {"x":0,"y":0,"w":15,"h":9},
	"sourceSize": {"w":15,"h":9},
	"pivot": {"x":0.5,"y":0.5}
},
{
	"filename": "spikes",
	"frame": {"x":19,"y":2,"w":15,"h":10},
	"rotated": false,
	"trimmed": false,
	"spriteSourceSize": {"x":0,"y":0,"w":15,"h":10},
	"sourceSize": {"w":15,"h":10},
	"pivot": {"x":0.5,"y":0.5}
},
{
	"filename": "tree",
	"frame": {"x":2,"y":128,"w":105,"h":93},
	"rotated": false,
	"trimmed": false,
	"spriteSourceSize": {"x":0,"y":0,"w":105,"h":93},
	"sourceSize": {"w":105,"h":93},
	"pivot": {"x":0.5,"y":0.5}
}],
"meta": {
	"app": "http://www.codeandweb.com/texturepacker",
	"version": "1.0",
	"image": "atlas-props.png",
	"format": "RGBA8888",
	"size": {"w":109,"h":333},
	"scale": "1",
	"smartupdate": "$TexturePacker:SmartUpdate:0bd9942c57d8ce2036df6d61b997ffee:d3b00db9bd52d2286ca490f22371e19f:7367abe05465f33555345994fbb3342e$"
}
}
