{"frames": [

  {
    "filename": "arrow-1",
    "frame": {"x":0,"y":0,"w":13,"h":6},
    "rotated": false,
    "trimmed": false,
    "spriteSourceSize": {"x":0,"y":0,"w":13,"h":6},
    "sourceSize": {"w":13,"h":6},
    "pivot": {"x":0.5,"y":0.5}
  },
  {
    "filename": "arrow-2",
    "frame": {"x":26,"y":0,"w":13,"h":6},
    "rotated": false,
    "trimmed": false,
    "spriteSourceSize": {"x":0,"y":0,"w":13,"h":6},
    "sourceSize": {"w":13,"h":6},
    "pivot": {"x":0.5,"y":0.5}
  },
  {
    "filename": "arrow-3",
    "frame": {"x":52,"y":0,"w":13,"h":6},
    "rotated": false,
    "trimmed": false,
    "spriteSourceSize": {"x":0,"y":0,"w":13,"h":6},
    "sourceSize": {"w":13,"h":6},
    "pivot": {"x":0.5,"y":0.5}
  }],
  "meta": {
    "app": "127.0.0.1",
    "version": "1.0",
    "image": "new-atlas.png",
    "format": "RGBA8888",
    "size": {"w":65,"h":6},
    "scale": "1",
    "smartupdate": "$TexturePacker:SmartUpdate:0bd9942c57d8ce2036df6d61b997ffee:d3b00db9bd52d2286ca490f22371e19f:7367abe05465f33555345994fbb3342e$"
  }
}
